Handle,Title,Body (HTML),Vendor,Type,Tags,Published,Option1 Name,Option1 Value,Option2 Name,Option2 Value,Option3 Name,Option3 Value,Variant SKU,Variant Grams,Variant Inventory Tracker,Variant Inventory Qty,Variant Inventory Policy,Variant Fulfillment Service,Variant Price,Variant Compare-at Price,Variant Requires Shipping,Variant Taxable,Variant Barcode,Image Src,Image Alt Text
orecchini-morellato-tesori-saiw319-P58877,ORECCHINI MORELLATO TESORI - SAIW319,"Descrizione             Caratteristiche                             Spedizione e resi                         Cura del Gioiello                                                                                                                                  ORECCHINI MORELLATO TESORI - SAIW319 - Genere  : Donna, Misura: 0.8x1, Colore: Silver, Morellato experience: Precious, Modello: Lobo, Materiale: Argento sostenibile, Peso: 2,650 gr, Pietra: Zirconi, Colore pietra: Azzurro, Bianco, Certificato di autenticità: Sì, Confezione: Originale Morellato                                                                                                                                                                    Marca                         Morellato                                                                                                           Collezione                         Tesori                                                                                                           Categoria                         Gioielli                                                                                                           Sottocategoria                         Orecchini                                                                                                           Novità                         Sì                                                                                                           Codice prodotto                         SAIW319                                                                                                               Genere  Donna                                                                                          Misura0.8x1                                                                                          ColoreSilver                                                                                          Morellato experiencePrecious                                                                                          ModelloLobo                                                                                          MaterialeArgento sostenibile                                                                                          Peso2,650 gr                                                                                          PietraZirconi                                                                                          Colore pietraAzzurro, Bianco                                                                                          Certificato di autenticitàSì                                                                                          ConfezioneOriginale Morellato                                                                                                                                      Spediamo il tuo ordine in tutto il mondo!  Troverai le informazioni sulle spedizioni e sulle tempistiche di consegna qui.    Su Morellato il reso è garantito! Scopri tutti i dettagli!                                           Su Morellato puoi trovare solo prodotti originali e garantiti! Per riuscire a godere della bellezza dei tuoi gioielli il più a lungo possibile ecco alcuni semplici ma preziosi suggerimenti da seguire.  Scopri di più!",brand-1,Earring,"ORECCHINI MORELLATO TESORI SAIW319, SAIW319, Morellato, Gioiello Donna, Orecchini Donna, Gioielli Donna, Orecchini Donna, Gioielli Morellato, Orecchini Morellato, Precious, Tesori, Morellato",TRUE,,,,,,,,,shopify,,deny,manual,79.00,,TRUE,TRUE,,https://cdn.morellato.com/i/small/86629/orecchini-morellato-tesori-saiw319_v1n157.jpg,ORECCHINI MORELLATO TESORI - SAIW319
orecchini-morellato-tesori-saiw319-P58877,,"Descrizione             Caratteristiche                             Spedizione e resi                         Cura del Gioiello                                                                                                                                  ORECCHINI MORELLATO TESORI - SAIW319 - Genere  : Donna, Misura: 0.8x1, Colore: Silver, Morellato experience: Precious, Modello: Lobo, Materiale: Argento sostenibile, Peso: 2,650 gr, Pietra: Zirconi, Colore pietra: Azzurro, Bianco, Certificato di autenticità: Sì, Confezione: Originale Morellato                                                                                                                                                                    Marca                         Morellato                                                                                                           Collezione                         Tesori                                                                                                           Categoria                         Gioielli                                                                                                           Sottocategoria                         Orecchini                                                                                                           Novità                         Sì                                                                                                           Codice prodotto                         SAIW319                                                                                                               Genere  Donna                                                                                          Misura0.8x1                                                                                          ColoreSilver                                                                                          Morellato experiencePrecious                                                                                          ModelloLobo                                                                                          MaterialeArgento sostenibile                                                                                          Peso2,650 gr                                                                                          PietraZirconi                                                                                          Colore pietraAzzurro, Bianco                                                                                          Certificato di autenticitàSì                                                                                          ConfezioneOriginale Morellato                                                                                                                                      Spediamo il tuo ordine in tutto il mondo!  Troverai le informazioni sulle spedizioni e sulle tempistiche di consegna qui.    Su Morellato il reso è garantito! Scopri tutti i dettagli!                                           Su Morellato puoi trovare solo prodotti originali e garantiti! Per riuscire a godere della bellezza dei tuoi gioielli il più a lungo possibile ecco alcuni semplici ma preziosi suggerimenti da seguire.  Scopri di più!",brand-1,Earring,"ORECCHINI MORELLATO TESORI SAIW319, SAIW319, Morellato, Gioiello Donna, Orecchini Donna, Gioielli Donna, Orecchini Donna, Gioielli Morellato, Orecchini Morellato, Precious, Tesori, Morellato",TRUE,,,,,,,,,shopify,,deny,manual,79.00,,TRUE,TRUE,,https://cdn.morellato.com/i/thumb/86629/orecchini-morellato-tesori-saiw319_v1n157.jpg,ORECCHINI MORELLATO TESORI - SAIW319
orecchini-morellato-tesori-saiw319-P58877,,"Descrizione             Caratteristiche                             Spedizione e resi                         Cura del Gioiello                                                                                                                                  ORECCHINI MORELLATO TESORI - SAIW319 - Genere  : Donna, Misura: 0.8x1, Colore: Silver, Morellato experience: Precious, Modello: Lobo, Materiale: Argento sostenibile, Peso: 2,650 gr, Pietra: Zirconi, Colore pietra: Azzurro, Bianco, Certificato di autenticità: Sì, Confezione: Originale Morellato                                                                                                                                                                    Marca                         Morellato                                                                                                           Collezione                         Tesori                                                                                                           Categoria                         Gioielli                                                                                                           Sottocategoria                         Orecchini                                                                                                           Novità                         Sì                                                                                                           Codice prodotto                         SAIW319                                                                                                               Genere  Donna                                                                                          Misura0.8x1                                                                                          ColoreSilver                                                                                          Morellato experiencePrecious                                                                                          ModelloLobo                                                                                          MaterialeArgento sostenibile                                                                                          Peso2,650 gr                                                                                          PietraZirconi                                                                                          Colore pietraAzzurro, Bianco                                                                                          Certificato di autenticitàSì                                                                                          ConfezioneOriginale Morellato                                                                                                                                      Spediamo il tuo ordine in tutto il mondo!  Troverai le informazioni sulle spedizioni e sulle tempistiche di consegna qui.    Su Morellato il reso è garantito! Scopri tutti i dettagli!                                           Su Morellato puoi trovare solo prodotti originali e garantiti! Per riuscire a godere della bellezza dei tuoi gioielli il più a lungo possibile ecco alcuni semplici ma preziosi suggerimenti da seguire.  Scopri di più!",brand-1,Earring,"ORECCHINI MORELLATO TESORI SAIW319, SAIW319, Morellato, Gioiello Donna, Orecchini Donna, Gioielli Donna, Orecchini Donna, Gioielli Morellato, Orecchini Morellato, Precious, Tesori, Morellato",TRUE,,,,,,,,,shopify,,deny,manual,79.00,,TRUE,TRUE,,https://cdn.morellato.com/i/thumb/86630/2-orecchini-morellato-tesori-saiw319_v2n172.jpg,ORECCHINI MORELLATO TESORI - SAIW319
orecchini-morellato-tesori-saiw319-P58877,,"Descrizione             Caratteristiche                             Spedizione e resi                         Cura del Gioiello                                                                                                                                  ORECCHINI MORELLATO TESORI - SAIW319 - Genere  : Donna, Misura: 0.8x1, Colore: Silver, Morellato experience: Precious, Modello: Lobo, Materiale: Argento sostenibile, Peso: 2,650 gr, Pietra: Zirconi, Colore pietra: Azzurro, Bianco, Certificato di autenticità: Sì, Confezione: Originale Morellato                                                                                                                                                                    Marca                         Morellato                                                                                                           Collezione                         Tesori                                                                                                           Categoria                         Gioielli                                                                                                           Sottocategoria                         Orecchini                                                                                                           Novità                         Sì                                                                                                           Codice prodotto                         SAIW319                                                                                                               Genere  Donna                                                                                          Misura0.8x1                                                                                          ColoreSilver                                                                                          Morellato experiencePrecious                                                                                          ModelloLobo                                                                                          MaterialeArgento sostenibile                                                                                          Peso2,650 gr                                                                                          PietraZirconi                                                                                          Colore pietraAzzurro, Bianco                                                                                          Certificato di autenticitàSì                                                                                          ConfezioneOriginale Morellato                                                                                                                                      Spediamo il tuo ordine in tutto il mondo!  Troverai le informazioni sulle spedizioni e sulle tempistiche di consegna qui.    Su Morellato il reso è garantito! Scopri tutti i dettagli!                                           Su Morellato puoi trovare solo prodotti originali e garantiti! Per riuscire a godere della bellezza dei tuoi gioielli il più a lungo possibile ecco alcuni semplici ma preziosi suggerimenti da seguire.  Scopri di più!",brand-1,Earring,"ORECCHINI MORELLATO TESORI SAIW319, SAIW319, Morellato, Gioiello Donna, Orecchini Donna, Gioielli Donna, Orecchini Donna, Gioielli Morellato, Orecchini Morellato, Precious, Tesori, Morellato",TRUE,,,,,,,,,shopify,,deny,manual,79.00,,TRUE,TRUE,,https://cdn.morellato.com/i/thumb/86631/3-orecchini-morellato-tesori-saiw319_v3n11e.jpg,ORECCHINI MORELLATO TESORI - SAIW319
orecchini-morellato-tesori-saiw319-P58877,,"Descrizione             Caratteristiche                             Spedizione e resi                         Cura del Gioiello                                                                                                                                  ORECCHINI MORELLATO TESORI - SAIW319 - Genere  : Donna, Misura: 0.8x1, Colore: Silver, Morellato experience: Precious, Modello: Lobo, Materiale: Argento sostenibile, Peso: 2,650 gr, Pietra: Zirconi, Colore pietra: Azzurro, Bianco, Certificato di autenticità: Sì, Confezione: Originale Morellato                                                                                                                                                                    Marca                         Morellato                                                                                                           Collezione                         Tesori                                                                                                           Categoria                         Gioielli                                                                                                           Sottocategoria                         Orecchini                                                                                                           Novità                         Sì                                                                                                           Codice prodotto                         SAIW319                                                                                                               Genere  Donna                                                                                          Misura0.8x1                                                                                          ColoreSilver                                                                                          Morellato experiencePrecious                                                                                          ModelloLobo                                                                                          MaterialeArgento sostenibile                                                                                          Peso2,650 gr                                                                                          PietraZirconi                                                                                          Colore pietraAzzurro, Bianco                                                                                          Certificato di autenticitàSì                                                                                          ConfezioneOriginale Morellato                                                                                                                                      Spediamo il tuo ordine in tutto il mondo!  Troverai le informazioni sulle spedizioni e sulle tempistiche di consegna qui.    Su Morellato il reso è garantito! Scopri tutti i dettagli!                                           Su Morellato puoi trovare solo prodotti originali e garantiti! Per riuscire a godere della bellezza dei tuoi gioielli il più a lungo possibile ecco alcuni semplici ma preziosi suggerimenti da seguire.  Scopri di più!",brand-1,Earring,"ORECCHINI MORELLATO TESORI SAIW319, SAIW319, Morellato, Gioiello Donna, Orecchini Donna, Gioielli Donna, Orecchini Donna, Gioielli Morellato, Orecchini Morellato, Precious, Tesori, Morellato",TRUE,,,,,,,,,shopify,,deny,manual,79.00,,TRUE,TRUE,,https://cdn.morellato.com/i/thumb/86632/4-orecchini-morellato-tesori-saiw319_v6n169.jpg,ORECCHINI MORELLATO TESORI - SAIW319
orecchini-morellato-tesori-saiw319-P58877,,"Descrizione             Caratteristiche                             Spedizione e resi                         Cura del Gioiello                                                                                                                                  ORECCHINI MORELLATO TESORI - SAIW319 - Genere  : Donna, Misura: 0.8x1, Colore: Silver, Morellato experience: Precious, Modello: Lobo, Materiale: Argento sostenibile, Peso: 2,650 gr, Pietra: Zirconi, Colore pietra: Azzurro, Bianco, Certificato di autenticità: Sì, Confezione: Originale Morellato                                                                                                                                                                    Marca                         Morellato                                                                                                           Collezione                         Tesori                                                                                                           Categoria                         Gioielli                                                                                                           Sottocategoria                         Orecchini                                                                                                           Novità                         Sì                                                                                                           Codice prodotto                         SAIW319                                                                                                               Genere  Donna                                                                                          Misura0.8x1                                                                                          ColoreSilver                                                                                          Morellato experiencePrecious                                                                                          ModelloLobo                                                                                          MaterialeArgento sostenibile                                                                                          Peso2,650 gr                                                                                          PietraZirconi                                                                                          Colore pietraAzzurro, Bianco                                                                                          Certificato di autenticitàSì                                                                                          ConfezioneOriginale Morellato                                                                                                                                      Spediamo il tuo ordine in tutto il mondo!  Troverai le informazioni sulle spedizioni e sulle tempistiche di consegna qui.    Su Morellato il reso è garantito! Scopri tutti i dettagli!                                           Su Morellato puoi trovare solo prodotti originali e garantiti! Per riuscire a godere della bellezza dei tuoi gioielli il più a lungo possibile ecco alcuni semplici ma preziosi suggerimenti da seguire.  Scopri di più!",brand-1,Earring,"ORECCHINI MORELLATO TESORI SAIW319, SAIW319, Morellato, Gioiello Donna, Orecchini Donna, Gioielli Donna, Orecchini Donna, Gioielli Morellato, Orecchini Morellato, Precious, Tesori, Morellato",TRUE,,,,,,,,,shopify,,deny,manual,79.00,,TRUE,TRUE,,"https://www.morellato.com/data:image/svg+xml;base64,PHN2ZyB4bWxucz0iaHR0cDovL3d3dy53My5vcmcvMjAwMC9zdmciIHhtbG5zOnhsaW5rPSJodHRwOi8vd3d3LnczLm9yZy8xOTk5L3hsaW5rIiB4PSIwIiB5PSIwIiB2aWV3Qm94PSIwIDAgMTAwIDEwMCIgeG1sOnNwYWNlPSJwcmVzZXJ2ZSI+CiAgICA8cGF0aCBmaWxsPSIjY2NjIiBkPSJNNzMsNTBjMC0xMi43LTEwLjMtMjMtMjMtMjNTMjcsMzcuMywyNyw1MCBNMzAuOSw1MGMwLTEwLjUsOC41LTE5LjEsMTkuMS0xOS4xUzY5LjEsMzkuNSw2OS4xLDUwIj4KICAgICAgICA8YW5pbWF0ZVRyYW5zZm9ybQogICAgICAgICAgICAgICAgYXR0cmlidXRlTmFtZT0idHJhbnNmb3JtIgogICAgICAgICAgICAgICAgYXR0cmlidXRlVHlwZT0iWE1MIgogICAgICAgICAgICAgICAgdHlwZT0icm90YXRlIgogICAgICAgICAgICAgICAgZHVyPSIxcyIKICAgICAgICAgICAgICAgIGZyb209IjAgNTAgNTAiCiAgICAgICAgICAgICAgICB0bz0iMzYwIDUwIDUwIgogICAgICAgICAgICAgICAgcmVwZWF0Q291bnQ9ImluZGVmaW5pdGUiLz4KICAgIDwvcGF0aD4KPC9zdmc+",ORECCHINI MORELLATO TESORI - SAIW319
orecchini-morellato-tesori-saiw319-P58877,,"Descrizione             Caratteristiche                             Spedizione e resi                         Cura del Gioiello                                                                                                                                  ORECCHINI MORELLATO TESORI - SAIW319 - Genere  : Donna, Misura: 0.8x1, Colore: Silver, Morellato experience: Precious, Modello: Lobo, Materiale: Argento sostenibile, Peso: 2,650 gr, Pietra: Zirconi, Colore pietra: Azzurro, Bianco, Certificato di autenticità: Sì, Confezione: Originale Morellato                                                                                                                                                                    Marca                         Morellato                                                                                                           Collezione                         Tesori                                                                                                           Categoria                         Gioielli                                                                                                           Sottocategoria                         Orecchini                                                                                                           Novità                         Sì                                                                                                           Codice prodotto                         SAIW319                                                                                                               Genere  Donna                                                                                          Misura0.8x1                                                                                          ColoreSilver                                                                                          Morellato experiencePrecious                                                                                          ModelloLobo                                                                                          MaterialeArgento sostenibile                                                                                          Peso2,650 gr                                                                                          PietraZirconi                                                                                          Colore pietraAzzurro, Bianco                                                                                          Certificato di autenticitàSì                                                                                          ConfezioneOriginale Morellato                                                                                                                                      Spediamo il tuo ordine in tutto il mondo!  Troverai le informazioni sulle spedizioni e sulle tempistiche di consegna qui.    Su Morellato il reso è garantito! Scopri tutti i dettagli!                                           Su Morellato puoi trovare solo prodotti originali e garantiti! Per riuscire a godere della bellezza dei tuoi gioielli il più a lungo possibile ecco alcuni semplici ma preziosi suggerimenti da seguire.  Scopri di più!",brand-1,Earring,"ORECCHINI MORELLATO TESORI SAIW319, SAIW319, Morellato, Gioiello Donna, Orecchini Donna, Gioielli Donna, Orecchini Donna, Gioielli Morellato, Orecchini Morellato, Precious, Tesori, Morellato",TRUE,,,,,,,,,shopify,,deny,manual,79.00,,TRUE,TRUE,,https://cdn.morellato.com/i/default/86629/orecchini-morellato-tesori-saiw319_v1n157.jpg,ORECCHINI MORELLATO TESORI - SAIW319
orecchini-morellato-tesori-saiw320-P58878,ORECCHINI MORELLATO TESORI - SAIW320,"Descrizione             Caratteristiche                             Spedizione e resi                         Cura del Gioiello                                                                                                                                  ORECCHINI MORELLATO TESORI - SAIW320 - Genere  : Donna, Misura: 0.8x1, Colore: Silver, Morellato experience: Precious, Modello: Lobo, Materiale: Argento sostenibile, Peso: 2,650 gr, Pietra: Zirconi, Colore pietra: Bianco, Certificato di autenticità: Sì, Confezione: Originale Morellato                                                                                                                                                                    Marca                         Morellato                                                                                                           Collezione                         Tesori                                                                                                           Categoria                         Gioielli                                                                                                           Sottocategoria                         Orecchini                                                                                                           Novità                         Sì                                                                                                           Codice prodotto                         SAIW320                                                                                                               Genere  Donna                                                                                          Misura0.8x1                                                                                          ColoreSilver                                                                                          Morellato experiencePrecious                                                                                          ModelloLobo                                                                                          MaterialeArgento sostenibile                                                                                          Peso2,650 gr                                                                                          PietraZirconi                                                                                          Colore pietraBianco                                                                                          Certificato di autenticitàSì                                                                                          ConfezioneOriginale Morellato                                                                                                                                      Spediamo il tuo ordine in tutto il mondo!  Troverai le informazioni sulle spedizioni e sulle tempistiche di consegna qui.    Su Morellato il reso è garantito! Scopri tutti i dettagli!                                           Su Morellato puoi trovare solo prodotti originali e garantiti! Per riuscire a godere della bellezza dei tuoi gioielli il più a lungo possibile ecco alcuni semplici ma preziosi suggerimenti da seguire.  Scopri di più!",brand-1,Earring,"ORECCHINI MORELLATO TESORI SAIW320, SAIW320, Morellato, Gioiello Donna, Orecchini Donna, Gioielli Donna, Orecchini Donna, Gioielli Morellato, Orecchini Morellato, Precious, Tesori, Morellato",TRUE,,,,,,,,,shopify,,deny,manual,79.00,,TRUE,TRUE,,https://cdn.morellato.com/i/small/86625/orecchini-morellato-tesori-saiw320_v1n16c.jpg,ORECCHINI MORELLATO TESORI - SAIW320
orecchini-morellato-tesori-saiw320-P58878,,"Descrizione             Caratteristiche                             Spedizione e resi                         Cura del Gioiello                                                                                                                                  ORECCHINI MORELLATO TESORI - SAIW320 - Genere  : Donna, Misura: 0.8x1, Colore: Silver, Morellato experience: Precious, Modello: Lobo, Materiale: Argento sostenibile, Peso: 2,650 gr, Pietra: Zirconi, Colore pietra: Bianco, Certificato di autenticità: Sì, Confezione: Originale Morellato                                                                                                                                                                    Marca                         Morellato                                                                                                           Collezione                         Tesori                                                                                                           Categoria                         Gioielli                                                                                                           Sottocategoria                         Orecchini                                                                                                           Novità                         Sì                                                                                                           Codice prodotto                         SAIW320                                                                                                               Genere  Donna                                                                                          Misura0.8x1                                                                                          ColoreSilver                                                                                          Morellato experiencePrecious                                                                                          ModelloLobo                                                                                          MaterialeArgento sostenibile                                                                                          Peso2,650 gr                                                                                          PietraZirconi                                                                                          Colore pietraBianco                                                                                          Certificato di autenticitàSì                                                                                          ConfezioneOriginale Morellato                                                                                                                                      Spediamo il tuo ordine in tutto il mondo!  Troverai le informazioni sulle spedizioni e sulle tempistiche di consegna qui.    Su Morellato il reso è garantito! Scopri tutti i dettagli!                                           Su Morellato puoi trovare solo prodotti originali e garantiti! Per riuscire a godere della bellezza dei tuoi gioielli il più a lungo possibile ecco alcuni semplici ma preziosi suggerimenti da seguire.  Scopri di più!",brand-1,Earring,"ORECCHINI MORELLATO TESORI SAIW320, SAIW320, Morellato, Gioiello Donna, Orecchini Donna, Gioielli Donna, Orecchini Donna, Gioielli Morellato, Orecchini Morellato, Precious, Tesori, Morellato",TRUE,,,,,,,,,shopify,,deny,manual,79.00,,TRUE,TRUE,,https://cdn.morellato.com/i/thumb/86625/orecchini-morellato-tesori-saiw320_v1n16c.jpg,ORECCHINI MORELLATO TESORI - SAIW320
orecchini-morellato-tesori-saiw320-P58878,,"Descrizione             Caratteristiche                             Spedizione e resi                         Cura del Gioiello                                                                                                                                  ORECCHINI MORELLATO TESORI - SAIW320 - Genere  : Donna, Misura: 0.8x1, Colore: Silver, Morellato experience: Precious, Modello: Lobo, Materiale: Argento sostenibile, Peso: 2,650 gr, Pietra: Zirconi, Colore pietra: Bianco, Certificato di autenticità: Sì, Confezione: Originale Morellato                                                                                                                                                                    Marca                         Morellato                                                                                                           Collezione                         Tesori                                                                                                           Categoria                         Gioielli                                                                                                           Sottocategoria                         Orecchini                                                                                                           Novità                         Sì                                                                                                           Codice prodotto                         SAIW320                                                                                                               Genere  Donna                                                                                          Misura0.8x1                                                                                          ColoreSilver                                                                                          Morellato experiencePrecious                                                                                          ModelloLobo                                                                                          MaterialeArgento sostenibile                                                                                          Peso2,650 gr                                                                                          PietraZirconi                                                                                          Colore pietraBianco                                                                                          Certificato di autenticitàSì                                                                                          ConfezioneOriginale Morellato                                                                                                                                      Spediamo il tuo ordine in tutto il mondo!  Troverai le informazioni sulle spedizioni e sulle tempistiche di consegna qui.    Su Morellato il reso è garantito! Scopri tutti i dettagli!                                           Su Morellato puoi trovare solo prodotti originali e garantiti! Per riuscire a godere della bellezza dei tuoi gioielli il più a lungo possibile ecco alcuni semplici ma preziosi suggerimenti da seguire.  Scopri di più!",brand-1,Earring,"ORECCHINI MORELLATO TESORI SAIW320, SAIW320, Morellato, Gioiello Donna, Orecchini Donna, Gioielli Donna, Orecchini Donna, Gioielli Morellato, Orecchini Morellato, Precious, Tesori, Morellato",TRUE,,,,,,,,,shopify,,deny,manual,79.00,,TRUE,TRUE,,https://cdn.morellato.com/i/thumb/86626/2-orecchini-morellato-tesori-saiw320_v2n11c.jpg,ORECCHINI MORELLATO TESORI - SAIW320
orecchini-morellato-tesori-saiw320-P58878,,"Descrizione             Caratteristiche                             Spedizione e resi                         Cura del Gioiello                                                                                                                                  ORECCHINI MORELLATO TESORI - SAIW320 - Genere  : Donna, Misura: 0.8x1, Colore: Silver, Morellato experience: Precious, Modello: Lobo, Materiale: Argento sostenibile, Peso: 2,650 gr, Pietra: Zirconi, Colore pietra: Bianco, Certificato di autenticità: Sì, Confezione: Originale Morellato                                                                                                                                                                    Marca                         Morellato                                                                                                           Collezione                         Tesori                                                                                                           Categoria                         Gioielli                                                                                                           Sottocategoria                         Orecchini                                                                                                           Novità                         Sì                                                                                                           Codice prodotto                         SAIW320                                                                                                               Genere  Donna                                                                                          Misura0.8x1                                                                                          ColoreSilver                                                                                          Morellato experiencePrecious                                                                                          ModelloLobo                                                                                          MaterialeArgento sostenibile                                                                                          Peso2,650 gr                                                                                          PietraZirconi                                                                                          Colore pietraBianco                                                                                          Certificato di autenticitàSì                                                                                          ConfezioneOriginale Morellato                                                                                                                                      Spediamo il tuo ordine in tutto il mondo!  Troverai le informazioni sulle spedizioni e sulle tempistiche di consegna qui.    Su Morellato il reso è garantito! Scopri tutti i dettagli!                                           Su Morellato puoi trovare solo prodotti originali e garantiti! Per riuscire a godere della bellezza dei tuoi gioielli il più a lungo possibile ecco alcuni semplici ma preziosi suggerimenti da seguire.  Scopri di più!",brand-1,Earring,"ORECCHINI MORELLATO TESORI SAIW320, SAIW320, Morellato, Gioiello Donna, Orecchini Donna, Gioielli Donna, Orecchini Donna, Gioielli Morellato, Orecchini Morellato, Precious, Tesori, Morellato",TRUE,,,,,,,,,shopify,,deny,manual,79.00,,TRUE,TRUE,,https://cdn.morellato.com/i/thumb/86627/3-orecchini-morellato-tesori-saiw320_v3n199.jpg,ORECCHINI MORELLATO TESORI - SAIW320
orecchini-morellato-tesori-saiw320-P58878,,"Descrizione             Caratteristiche                             Spedizione e resi                         Cura del Gioiello                                                                                                                                  ORECCHINI MORELLATO TESORI - SAIW320 - Genere  : Donna, Misura: 0.8x1, Colore: Silver, Morellato experience: Precious, Modello: Lobo, Materiale: Argento sostenibile, Peso: 2,650 gr, Pietra: Zirconi, Colore pietra: Bianco, Certificato di autenticità: Sì, Confezione: Originale Morellato                                                                                                                                                                    Marca                         Morellato                                                                                                           Collezione                         Tesori                                                                                                           Categoria                         Gioielli                                                                                                           Sottocategoria                         Orecchini                                                                                                           Novità                         Sì                                                                                                           Codice prodotto                         SAIW320                                                                                                               Genere  Donna                                                                                          Misura0.8x1                                                                                          ColoreSilver                                                                                          Morellato experiencePrecious                                                                                          ModelloLobo                                                                                          MaterialeArgento sostenibile                                                                                          Peso2,650 gr                                                                                          PietraZirconi                                                                                          Colore pietraBianco                                                                                          Certificato di autenticitàSì                                                                                          ConfezioneOriginale Morellato                                                                                                                                      Spediamo il tuo ordine in tutto il mondo!  Troverai le informazioni sulle spedizioni e sulle tempistiche di consegna qui.    Su Morellato il reso è garantito! Scopri tutti i dettagli!                                           Su Morellato puoi trovare solo prodotti originali e garantiti! Per riuscire a godere della bellezza dei tuoi gioielli il più a lungo possibile ecco alcuni semplici ma preziosi suggerimenti da seguire.  Scopri di più!",brand-1,Earring,"ORECCHINI MORELLATO TESORI SAIW320, SAIW320, Morellato, Gioiello Donna, Orecchini Donna, Gioielli Donna, Orecchini Donna, Gioielli Morellato, Orecchini Morellato, Precious, Tesori, Morellato",TRUE,,,,,,,,,shopify,,deny,manual,79.00,,TRUE,TRUE,,https://cdn.morellato.com/i/thumb/86628/4-orecchini-morellato-tesori-saiw320_v6n157.jpg,ORECCHINI MORELLATO TESORI - SAIW320
orecchini-morellato-tesori-saiw320-P58878,,"Descrizione             Caratteristiche                             Spedizione e resi                         Cura del Gioiello                                                                                                                                  ORECCHINI MORELLATO TESORI - SAIW320 - Genere  : Donna, Misura: 0.8x1, Colore: Silver, Morellato experience: Precious, Modello: Lobo, Materiale: Argento sostenibile, Peso: 2,650 gr, Pietra: Zirconi, Colore pietra: Bianco, Certificato di autenticità: Sì, Confezione: Originale Morellato                                                                                                                                                                    Marca                         Morellato                                                                                                           Collezione                         Tesori                                                                                                           Categoria                         Gioielli                                                                                                           Sottocategoria                         Orecchini                                                                                                           Novità                         Sì                                                                                                           Codice prodotto                         SAIW320                                                                                                               Genere  Donna                                                                                          Misura0.8x1                                                                                          ColoreSilver                                                                                          Morellato experiencePrecious                                                                                          ModelloLobo                                                                                          MaterialeArgento sostenibile                                                                                          Peso2,650 gr                                                                                          PietraZirconi                                                                                          Colore pietraBianco                                                                                          Certificato di autenticitàSì                                                                                          ConfezioneOriginale Morellato                                                                                                                                      Spediamo il tuo ordine in tutto il mondo!  Troverai le informazioni sulle spedizioni e sulle tempistiche di consegna qui.    Su Morellato il reso è garantito! Scopri tutti i dettagli!                                           Su Morellato puoi trovare solo prodotti originali e garantiti! Per riuscire a godere della bellezza dei tuoi gioielli il più a lungo possibile ecco alcuni semplici ma preziosi suggerimenti da seguire.  Scopri di più!",brand-1,Earring,"ORECCHINI MORELLATO TESORI SAIW320, SAIW320, Morellato, Gioiello Donna, Orecchini Donna, Gioielli Donna, Orecchini Donna, Gioielli Morellato, Orecchini Morellato, Precious, Tesori, Morellato",TRUE,,,,,,,,,shopify,,deny,manual,79.00,,TRUE,TRUE,,"https://www.morellato.com/data:image/svg+xml;base64,PHN2ZyB4bWxucz0iaHR0cDovL3d3dy53My5vcmcvMjAwMC9zdmciIHhtbG5zOnhsaW5rPSJodHRwOi8vd3d3LnczLm9yZy8xOTk5L3hsaW5rIiB4PSIwIiB5PSIwIiB2aWV3Qm94PSIwIDAgMTAwIDEwMCIgeG1sOnNwYWNlPSJwcmVzZXJ2ZSI+CiAgICA8cGF0aCBmaWxsPSIjY2NjIiBkPSJNNzMsNTBjMC0xMi43LTEwLjMtMjMtMjMtMjNTMjcsMzcuMywyNyw1MCBNMzAuOSw1MGMwLTEwLjUsOC41LTE5LjEsMTkuMS0xOS4xUzY5LjEsMzkuNSw2OS4xLDUwIj4KICAgICAgICA8YW5pbWF0ZVRyYW5zZm9ybQogICAgICAgICAgICAgICAgYXR0cmlidXRlTmFtZT0idHJhbnNmb3JtIgogICAgICAgICAgICAgICAgYXR0cmlidXRlVHlwZT0iWE1MIgogICAgICAgICAgICAgICAgdHlwZT0icm90YXRlIgogICAgICAgICAgICAgICAgZHVyPSIxcyIKICAgICAgICAgICAgICAgIGZyb209IjAgNTAgNTAiCiAgICAgICAgICAgICAgICB0bz0iMzYwIDUwIDUwIgogICAgICAgICAgICAgICAgcmVwZWF0Q291bnQ9ImluZGVmaW5pdGUiLz4KICAgIDwvcGF0aD4KPC9zdmc+",ORECCHINI MORELLATO TESORI - SAIW320
orecchini-morellato-tesori-saiw320-P58878,,"Descrizione             Caratteristiche                             Spedizione e resi                         Cura del Gioiello                                                                                                                                  ORECCHINI MORELLATO TESORI - SAIW320 - Genere  : Donna, Misura: 0.8x1, Colore: Silver, Morellato experience: Precious, Modello: Lobo, Materiale: Argento sostenibile, Peso: 2,650 gr, Pietra: Zirconi, Colore pietra: Bianco, Certificato di autenticità: Sì, Confezione: Originale Morellato                                                                                                                                                                    Marca                         Morellato                                                                                                           Collezione                         Tesori                                                                                                           Categoria                         Gioielli                                                                                                           Sottocategoria                         Orecchini                                                                                                           Novità                         Sì                                                                                                           Codice prodotto                         SAIW320                                                                                                               Genere  Donna                                                                                          Misura0.8x1                                                                                          ColoreSilver                                                                                          Morellato experiencePrecious                                                                                          ModelloLobo                                                                                          MaterialeArgento sostenibile                                                                                          Peso2,650 gr                                                                                          PietraZirconi                                                                                          Colore pietraBianco                                                                                          Certificato di autenticitàSì                                                                                          ConfezioneOriginale Morellato                                                                                                                                      Spediamo il tuo ordine in tutto il mondo!  Troverai le informazioni sulle spedizioni e sulle tempistiche di consegna qui.    Su Morellato il reso è garantito! Scopri tutti i dettagli!                                           Su Morellato puoi trovare solo prodotti originali e garantiti! Per riuscire a godere della bellezza dei tuoi gioielli il più a lungo possibile ecco alcuni semplici ma preziosi suggerimenti da seguire.  Scopri di più!",brand-1,Earring,"ORECCHINI MORELLATO TESORI SAIW320, SAIW320, Morellato, Gioiello Donna, Orecchini Donna, Gioielli Donna, Orecchini Donna, Gioielli Morellato, Orecchini Morellato, Precious, Tesori, Morellato",TRUE,,,,,,,,,shopify,,deny,manual,79.00,,TRUE,TRUE,,https://cdn.morellato.com/i/default/86625/orecchini-morellato-tesori-saiw320_v1n16c.jpg,ORECCHINI MORELLATO TESORI - SAIW320